"";"cell_type";"sample"
"human1_lib1.final_cell_0041_GTAACGTT-ATGACTTT";"fibro";"h_1"
"human1_lib1.final_cell_0045_AATGGATTA-CAAGTCAT";"fibro";"h_1"
"human1_lib1.final_cell_0085_ATTGTGACT-GAGTTCAC";"fibro";"h_1"
"human1_lib1.final_cell_0188_TGACCTCGTCT-GCATGGGT";"endo";"h_1"
"human1_lib1.final_cell_0218_TGAAGGTTGTG-AATGTTTG";"endo";"h_1"
"human1_lib1.final_cell_0219_AAGATGGCT-GCAACCTG";"fibro";"h_1"
"human1_lib1.final_cell_0237_TGACATACATT-TTATAGCC";"fibro";"h_1"
"human1_lib1.final_cell_0242_GATTTAACAG-ACGCCATT";"fibro";"h_1"
"human1_lib1.final_cell_0250_CTTCAGGT-TCACCGAG";"endo";"h_1"
"human1_lib1.final_cell_0273_ACTGAGTGC-TTGTCGCC";"endo";"h_1"
"human1_lib1.final_cell_0288_TGCCTCAC-TGGGATTC";"immune";"h_1"
"human1_lib1.final_cell_0289_AGAGACTA-GATTGCGA";"endo";"h_1"
"human1_lib1.final_cell_0302_AAAATCGTT-CCATTTGA";"endo";"h_1"
"human1_lib1.final_cell_0319_TAGCTTAT-TCGACGGT";"endo";"h_1"
"human1_lib1.final_cell_0350_GAGACAGATA-AACACACG";"fibro";"h_1"
"human1_lib1.final_cell_0355_ACTAGATTG-AGCTACGG";"endo";"h_1"
"human1_lib1.final_cell_0360_TGAATATAGGA-AAAGCCTA";"fibro";"h_1"
"human1_lib1.final_cell_0361_ATTTCCGG-GACAAAGG";"endo";"h_1"
"human1_lib1.final_cell_0376_AGGGCCAAT-TGGTATGA";"endo";"h_1"
"human1_lib1.final_cell_0380_ACGGACAAC-TCATCCTT";"endo";"h_1"
"human1_lib1.final_cell_0383_AGTGTCGGA-AATGACCC";"endo";"h_1"
"human1_lib1.final_cell_0384_TGAATATAGGA-AGCGAAGT";"endo";"h_1"
"human1_lib1.final_cell_0398_ATCACGTTT-GAGCGGTA";"fibro";"h_1"
"human1_lib1.final_cell_0399_GACTCTTGAC-TAGTGGAC";"fibro";"h_1"
"human1_lib1.final_cell_0404_AAGACACCA-GGTCCCTT";"fibro";"h_1"
"human1_lib1.final_cell_0408_AATTCAGTA-TCCAGGGA";"endo";"h_1"
"human1_lib1.final_cell_0411_TGAAAATGTCG-TCGACGGT";"endo";"h_1"
"human1_lib1.final_cell_0417_TGAGGCTACTA-GGTCACAG";"immune";"h_1"
"human1_lib1.final_cell_0419_ACTTAGGTA-ATGAAGCA";"endo";"h_1"
"human1_lib1.final_cell_0420_ATTCCAGAC-GACAGATA";"endo";"h_1"
"human1_lib1.final_cell_0422_AAATCAGA-GTGTAACC";"endo";"h_1"
"human1_lib1.final_cell_0423_ACGGAATTT-TTCCGAGT";"endo";"h_1"
"human1_lib1.final_cell_0428_AAGATGGCT-GTCGTCGT";"immune";"h_1"
"human1_lib1.final_cell_0430_TGACATACATT-AGGAGCTT";"endo";"h_1"
"human1_lib1.final_cell_0432_AGCTTTCCA-TGTTCCAG";"fibro";"h_1"
"human1_lib1.final_cell_0445_TGATGTTTGAG-TTGAGGGT";"endo";"h_1"
"human1_lib1.final_cell_0452_ATTGTGACT-CGTATCGG";"fibro";"h_1"
"human1_lib1.final_cell_0456_GATCCCAATC-TTTGTGTC";"endo";"h_1"
"human1_lib1.final_cell_0457_ATCATGAGG-ATTCGACG";"endo";"h_1"
"human1_lib1.final_cell_0463_AATATACCT-GGACTTCC";"endo";"h_1"
"human1_lib1.final_cell_0464_TGATCGACACC-CGTACCTA";"endo";"h_1"
"human1_lib1.final_cell_0496_AGATGTATT-GGTGACAC";"fibro";"h_1"
"human1_lib1.final_cell_0498_GACGTCAGCA-GACAAAGG";"endo";"h_1"
"human1_lib1.final_cell_0499_TACTTGTG-GACAGATA";"endo";"h_1"
"human1_lib1.final_cell_0505_GATTAAACTG-CTTACGGG";"endo";"h_1"
"human1_lib1.final_cell_0509_GATGAGGTCT-CGAGATGT";"endo";"h_1"
"human1_lib1.final_cell_0515_TGACCTGTTAT-CACTTTCT";"endo";"h_1"
"human1_lib1.final_cell_0520_AGCCAAGAT-GTCTCTCT";"endo";"h_1"
"human1_lib1.final_cell_0526_TGACTCGCGTA-GCCGGATT";"endo";"h_1"
"human1_lib1.final_cell_0527_AGGTTAGTG-CCATTACT";"immune";"h_1"
"human1_lib1.final_cell_0530_AAGCTACGG-CTTACGGG";"endo";"h_1"
"human1_lib1.final_cell_0532_TACTTGTG-GTCTCTCT";"endo";"h_1"
"human1_lib1.final_cell_0534_GATCGGTTTA-TGAGGTCT";"endo";"h_1"
"human1_lib1.final_cell_0536_GAATGGGCAC-CAGTTTGC";"fibro";"h_1"
"human1_lib1.final_cell_0537_GATCTCAACC-CTTCGATT";"endo";"h_1"
"human1_lib1.final_cell_0538_GAGCGGTA-ATATCTTC";"endo";"h_1"
"human1_lib1.final_cell_0540_GAACAGCGGA-ATGGAAAT";"endo";"h_1"
"human1_lib1.final_cell_0545_TGATTTACCCT-GGGAAGGT";"endo";"h_1"
"human1_lib1.final_cell_0548_AAGCTATGA-CCCTTGGT";"endo";"h_1"
"human1_lib1.final_cell_0552_TCATATGG-CAATACTT";"endo";"h_1"
"human1_lib1.final_cell_0553_TGGCTACC-CGCCTTGA";"immune";"h_1"
"human1_lib1.final_cell_0554_TACCGGCA-ACCTTCTT";"endo";"h_1"
"human1_lib1.final_cell_0558_GACCTGACAC-TTTAACAG";"endo";"h_1"
"human1_lib1.final_cell_0561_ATCTGCATC-CAAGAGGG";"endo";"h_1"
"human1_lib1.final_cell_0562_GTCTCTCT-TTAAGCGT";"endo";"h_1"
"human1_lib1.final_cell_0564_TGAGTTCTGTT-CTTCTGGA";"endo";"h_1"
"human1_lib1.final_cell_0565_GTTTGTTT-CCTGACAC";"endo";"h_1"
"human1_lib2.final_cell_0019_ACTGCGTTG-TGAAATGA";"endo";"h_1"
"human1_lib2.final_cell_0059_AAGAACGGG-CCATTTGA";"fibro";"h_1"
"human1_lib2.final_cell_0093_AATACTCTT-CCTGTTAT";"endo";"h_1"
"human1_lib2.final_cell_0149_AATGGATTA-GTCATATT";"immune";"h_1"
"human1_lib2.final_cell_0157_TGACAGACCAT-AACAATCC";"fibro";"h_1"
"human1_lib2.final_cell_0223_TGATCCCGTAG-GTACACTC";"fibro";"h_1"
"human1_lib2.final_cell_0232_TGAAGGATTCA-CTCCGCAT";"endo";"h_1"
"human1_lib2.final_cell_0241_TGATACGTGCT-CTCGCGTA";"endo";"h_1"
"human1_lib2.final_cell_0254_TACCGGCA-AGATGGCT";"endo";"h_1"
"human1_lib2.final_cell_0287_AATTCCCA-AGACACCA";"immune";"h_1"
"human1_lib2.final_cell_0293_GCATGGGT-TCATATGG";"endo";"h_1"
"human1_lib2.final_cell_0303_GATCGGTTTA-AAACGCCT";"immune";"h_1"
"human1_lib2.final_cell_0309_TCCAGGGA-GCAGGGTA";"fibro";"h_1"
"human1_lib2.final_cell_0313_ATATGCAT-CTTCTTCG";"endo";"h_1"
"human1_lib2.final_cell_0343_TGAATGAAGCA-GTGTCGGA";"immune";"h_1"
"human1_lib2.final_cell_0346_GACTGTCTGG-TCGACGGT";"fibro";"h_1"
"human1_lib2.final_cell_0360_GTTGCACG-CGCTAATA";"immune";"h_1"
"human1_lib2.final_cell_0372_AAATCAGA-AAACTGGT";"endo";"h_1"
"human1_lib2.final_cell_0380_TGATCGACACC-CAACGTGG";"immune";"h_1"
"human1_lib2.final_cell_0408_AATGCGGAT-GGGCCAAT";"fibro";"h_1"
"human1_lib2.final_cell_0418_GAGATTGCGA-GGTCCCTT";"endo";"h_1"
"human1_lib2.final_cell_0424_AAAGGTAAT-GTCATATT";"endo";"h_1"
"human1_lib2.final_cell_0425_TGACTCGATGC-GAGCGGTA";"endo";"h_1"
"human1_lib2.final_cell_0431_CAGTTTGC-AAATCAGA";"fibro";"h_1"
"human1_lib2.final_cell_0448_GAGACGATGG-GTCCAAAG";"fibro";"h_1"
"human1_lib2.final_cell_0452_ATTGTGACT-GGGAAATC";"endo";"h_1"
"human1_lib2.final_cell_0460_AGCACCAC-GAAGTGCC";"fibro";"h_1"
"human1_lib2.final_cell_0461_CTTCGATT-GGGTGTAT";"endo";"h_1"
"human1_lib2.final_cell_0462_TGAAAACAGGG-CTACGAGC";"fibro";"h_1"
"human1_lib2.final_cell_0466_TTATAGCC-TGCAAGGG";"endo";"h_1"
"human1_lib2.final_cell_0469_ACTCCGCAT-GATGTGAG";"fibro";"h_1"
"human1_lib2.final_cell_0470_CGGCACAT-TGACCAGT";"endo";"h_1"
"human1_lib2.final_cell_0472_AGGGAAGGT-AGCAGAAC";"endo";"h_1"
"human1_lib2.final_cell_0475_GACTTACTCC-AAGCTTCT";"fibro";"h_1"
"human1_lib2.final_cell_0476_ATTAGGACC-ACCCATAT";"endo";"h_1"
"human1_lib2.final_cell_0487_AAGCTTCT-CAATACTT";"endo";"h_1"
"human1_lib2.final_cell_0488_ACTAGATTG-TGACCAGT";"endo";"h_1"
"human1_lib2.final_cell_0490_AGTATGAGT-ATGACTTT";"endo";"h_1"
"human1_lib2.final_cell_0491_TACCGGCA-ACTAGCCA";"endo";"h_1"
"human1_lib2.final_cell_0496_GTAACGTT-ATCCGCTA";"fibro";"h_1"
"human1_lib2.final_cell_0499_ACCCTTGGT-CGCTAATA";"immune";"h_1"
"human1_lib2.final_cell_0505_ACTTAGGTA-GATTAGAC";"endo";"h_1"
"human1_lib2.final_cell_0510_TGACTGTTCTT-ATGAAGCA";"fibro";"h_1"
"human1_lib2.final_cell_0517_AGAACGATT-ATCTTTGT";"endo";"h_1"
"human1_lib2.final_cell_0520_AGTGTCGGA-CGAACGTA";"endo";"h_1"
"human1_lib2.final_cell_0528_TGAAAACAGGG-TTGAGGGT";"fibro";"h_1"
"human1_lib2.final_cell_0530_ACTAGATTG-AAACGCCT";"endo";"h_1"
"human1_lib2.final_cell_0535_AATTCCCA-AAAGTCGG";"fibro";"h_1"
"human1_lib2.final_cell_0539_AAGACACCA-CTCTTGAC";"endo";"h_1"
"human1_lib2.final_cell_0550_TGATTGTTTAC-ACACTAAG";"endo";"h_1"
"human1_lib2.final_cell_0552_GAACTAGGAT-AGGCAGTT";"immune";"h_1"
"human1_lib2.final_cell_0559_GAACGCCATT-ATGAAGCA";"endo";"h_1"
"human1_lib2.final_cell_0562_TGAATGCATGG-AGCTATGA";"fibro";"h_1"
"human1_lib2.final_cell_0563_GATGTGCTCA-CTTCGATT";"fibro";"h_1"
"human1_lib2.final_cell_0566_AGCTTTCCA-ATGACCGA";"endo";"h_1"
"human1_lib2.final_cell_0568_ACGTGGATA-TTGGATCG";"endo";"h_1"
"human1_lib2.final_cell_0569_GATAAGACGG-CCATTTGA";"endo";"h_1"
"human1_lib2.final_cell_0570_TGAAGCGTAGG-TGCAAGGG";"endo";"h_1"
"human1_lib2.final_cell_0571_TGACATACATT-TCGACACC";"endo";"h_1"
"human1_lib2.final_cell_0577_ACCATTTGA-TCCCTGAT";"endo";"h_1"
"human1_lib2.final_cell_0578_GAACGCCATT-AGCGCCTT";"endo";"h_1"
"human1_lib2.final_cell_0580_TGACGAGTCTG-GGAATAGA";"fibro";"h_1"
"human1_lib2.final_cell_0584_TGATTGTTTAC-GTATGAGT";"endo";"h_1"
"human1_lib2.final_cell_0586_TGAGAGTTCAC-CCTGTTAT";"fibro";"h_1"
"human1_lib2.final_cell_0587_TGACTAGTAAC-TACCGGCA";"fibro";"h_1"
"human1_lib2.final_cell_0590_GATGCCATCG-CGCCTTGA";"endo";"h_1"
"human1_lib2.final_cell_0592_TGACTCGCGTA-CCCAAGCA";"fibro";"h_1"
"human1_lib2.final_cell_0594_AACTGAGTT-CGTGCTAG";"fibro";"h_1"
"human1_lib2.final_cell_0596_GAACTAGGAT-TGTAAAGG";"endo";"h_1"
"human1_lib2.final_cell_0598_TGACAACAAAT-GTTACCGC";"fibro";"h_1"
"human1_lib2.final_cell_0600_CCCAAGCA-GTTCTGTT";"fibro";"h_1"
"human1_lib2.final_cell_0607_GACGAGATGT-TGACCCTC";"endo";"h_1"
"human1_lib2.final_cell_0610_TGAAAATGTCG-CGCTCTCA";"endo";"h_1"
"human1_lib2.final_cell_0611_GGCCCTTA-CGGCACAT";"endo";"h_1"
"human1_lib2.final_cell_0618_GAATGGGCAC-ACCACGCT";"endo";"h_1"
"human1_lib2.final_cell_0619_AGCCTCTTT-TTTAACAG";"endo";"h_1"
"human1_lib2.final_cell_0620_TGACCTCGTCT-CCATTTGA";"endo";"h_1"
"human1_lib2.final_cell_0622_ATGGCCTGT-GCCTCTTT";"endo";"h_1"
"human1_lib2.final_cell_0626_TGATCGACGGT-GGGAACCT";"endo";"h_1"
"human1_lib3.final_cell_0022_TGCAAGGG-TTGATTCT";"fibro";"h_1"
"human1_lib3.final_cell_0046_TGAGTTCTGTT-TGTTCCAG";"fibro";"h_1"
"human1_lib3.final_cell_0048_GATTAGAC-ACTAGGAT";"fibro";"h_1"
"human1_lib3.final_cell_0057_AAGCTACGG-AAACTCGA";"immune";"h_1"
"human1_lib3.final_cell_0106_TGATTAGTCCG-CCTGTTAT";"fibro";"h_1"
"human1_lib3.final_cell_0146_ATTTCCGG-CTTCTTCG";"fibro";"h_1"
"human1_lib3.final_cell_0179_GACACGGACT-TTCGGCCT";"immune";"h_1"
"human1_lib3.final_cell_0189_TAACTACT-CCTACTAG";"endo";"h_1"
"human1_lib3.final_cell_0193_GAAGTGATGC-AGAAGTTA";"fibro";"h_1"
"human1_lib3.final_cell_0223_AAAGGTAAT-TAAGACGG";"endo";"h_1"
"human1_lib3.final_cell_0258_ACTAGATTG-TCCAGTCC";"fibro";"h_1"
"human1_lib3.final_cell_0288_TGAGACAAAGG-CCCGACTT";"fibro";"h_1"
"human1_lib3.final_cell_0351_AATATACCT-ATGAAGCA";"endo";"h_1"
"human1_lib3.final_cell_0353_TGAGGTCTGAC-TGCCATCG";"fibro";"h_1"
"human1_lib3.final_cell_0417_GAATGGAAAT-CCTCGTCT";"fibro";"h_1"
"human1_lib3.final_cell_0429_GAATCAAGTG-CGTCAGCA";"endo";"h_1"
"human1_lib3.final_cell_0431_ACGTGGATA-GACGATGG";"endo";"h_1"
"human1_lib3.final_cell_0449_CGCTAATA-CCACATTA";"endo";"h_1"
"human1_lib3.final_cell_0497_AGAGACTA-AGGTTGTG";"fibro";"h_1"
"human1_lib3.final_cell_0499_TGATCGACGGT-CTCCGCAT";"endo";"h_1"
"human1_lib3.final_cell_0503_TGAAGAAGTTA-TCGGTTTA";"fibro";"h_1"
"human1_lib3.final_cell_0510_AGGCAACG-TGAGGTCT";"endo";"h_1"
"human1_lib3.final_cell_0511_AGGTTAGTG-ATACCCAG";"endo";"h_1"
"human1_lib3.final_cell_0516_AAAAGTCGG-TCACGTTT";"immune";"h_1"
"human1_lib3.final_cell_0519_AGGGCCAAT-TGGTATGA";"endo";"h_1"
"human1_lib3.final_cell_0523_TGAAGCGCGAT-TCATATGG";"endo";"h_1"
"human1_lib3.final_cell_0530_ACGTGCTAG-AGCGAAGT";"immune";"h_1"
"human1_lib3.final_cell_0533_ATCCGCTA-ACCCATAT";"endo";"h_1"
"human1_lib3.final_cell_0544_GATTGATCTA-GTTCAACT";"endo";"h_1"
"human1_lib3.final_cell_0546_GACAAGAGGG-CACTTTCT";"immune";"h_1"
"human1_lib3.final_cell_0552_TGCCTCAC-AGCGAAGT";"endo";"h_1"
"human1_lib3.final_cell_0567_GAAGGCAGTT-TTCGGCCT";"fibro";"h_1"
"human1_lib3.final_cell_0569_AATTCAGTA-ATCCGCTA";"endo";"h_1"
"human1_lib3.final_cell_0575_ACTTCAAT-GAATTCGT";"endo";"h_1"
"human1_lib3.final_cell_0589_ACCTTCTT-GCCAAGAT";"endo";"h_1"
"human1_lib3.final_cell_0590_TGCTATTT-GTTACGAT";"endo";"h_1"
"human1_lib3.final_cell_0591_TGACCTGTTAT-AGCGAAGT";"fibro";"h_1"
"human1_lib3.final_cell_0595_AGAGGTGG-TGTTTGAG";"fibro";"h_1"
"human1_lib3.final_cell_0597_CGACGTCA-GTAATCCC";"immune";"h_1"
"human1_lib3.final_cell_0602_TGATTCGCTGG-TCTGTGGT";"endo";"h_1"
"human1_lib3.final_cell_0604_TGAGACAACTT-GGTTTCTC";"endo";"h_1"
"human1_lib3.final_cell_0611_TAAATAGG-CGACTCCT";"fibro";"h_1"
"human1_lib3.final_cell_0613_GAGTTGTCAT-CACAGTTT";"immune";"h_1"
"human1_lib3.final_cell_0615_TGAAAACTGGT-GGAGAAGC";"endo";"h_1"
"human1_lib3.final_cell_0618_TGACACAACAG-GTCATATT";"endo";"h_1"
"human1_lib3.final_cell_0621_TGAATGCATGG-AGCTACGG";"endo";"h_1"
"human1_lib3.final_cell_0625_GACCCGAATG-CCCTTGGT";"endo";"h_1"
"human1_lib3.final_cell_0627_GAATCAAGTG-TCTGCATC";"endo";"h_1"
"human1_lib3.final_cell_0631_TGACTAGTAAC-GAGCCCAT";"fibro";"h_1"
"human1_lib3.final_cell_0635_TGAAGGAGCTT-CAATTAGT";"fibro";"h_1"
"human1_lib3.final_cell_0637_TGACCAGCAGT-ATCCCACG";"fibro";"h_1"
"human1_lib3.final_cell_0649_GATTGAGGGT-CTGCGTTG";"endo";"h_1"
"human1_lib3.final_cell_0657_AACCCATAT-ATGCGGAT";"fibro";"h_1"
"human1_lib3.final_cell_0664_GAATTGGGCC-TCTAGCAG";"endo";"h_1"
"human1_lib3.final_cell_0671_ATAGTCGCA-CAGTCCCT";"endo";"h_1"
"human1_lib3.final_cell_0673_AATATACCT-CTGGTGCA";"endo";"h_1"
"human1_lib3.final_cell_0675_AGCAGAAC-TCGTCATG";"fibro";"h_1"
"human1_lib3.final_cell_0676_GTAACGTT-CTAGTAAC";"endo";"h_1"
"human1_lib3.final_cell_0681_GACCTACTAG-GGCCTAAG";"endo";"h_1"
"human1_lib3.final_cell_0690_ACCATTTGA-TCCCTGAT";"immune";"h_1"
"human1_lib3.final_cell_0693_ACACTCCTC-AGTTTAGA";"fibro";"h_1"
"human1_lib3.final_cell_0694_GATTGATCTA-TGATAACA";"endo";"h_1"
"human1_lib3.final_cell_0697_AGTATGAGT-AGCGCGAT";"fibro";"h_1"
"human1_lib3.final_cell_0704_ACAGATTAC-GCCACATC";"immune";"h_1"
"human1_lib3.final_cell_0710_GACATCTCCC-CGGCACAT";"endo";"h_1"
"human1_lib3.final_cell_0711_TGAGCCACATC-GTTACGAT";"endo";"h_1"
"human1_lib3.final_cell_0712_TGAAGAAGTTA-CCCTTCAG";"immune";"h_1"
"human1_lib3.final_cell_0720_TGACTAGTAAC-CGGACAAC";"endo";"h_1"
"human1_lib3.final_cell_0721_CATCGCAG-GTCTCTCT";"immune";"h_1"
"human1_lib3.final_cell_0723_TGAACATCTAT-CCCTTCAG";"fibro";"h_1"
"human1_lib3.final_cell_0727_AACTTAGC-TACTTGTG";"fibro";"h_1"
"human1_lib3.final_cell_0736_GAGAGAGTAT-GATTTACC";"endo";"h_1"
"human1_lib3.final_cell_0738_GCTTACCT-GGCATGCT";"endo";"h_1"
"human2_lib1.final_cell_0040_TGCCTCAC-AGTGAAAG";"immune";"h_2"
"human2_lib1.final_cell_0050_AGTGTCGGA-AGCACCAC";"fibro";"h_2"
"human2_lib1.final_cell_0053_GATTTAACAG-TCTGCATC";"fibro";"h_2"
"human2_lib1.final_cell_0070_ATCGGTTCG-ATTGGGCC";"fibro";"h_2"
"human2_lib1.final_cell_0152_TGAGCAAGGAC-CGTGGATA";"fibro";"h_2"
"human2_lib1.final_cell_0167_ATCATGAGG-TGACCAGT";"immune";"h_2"
"human2_lib1.final_cell_0188_TGATCGACGGT-AAAGCCTA";"endo";"h_2"
"human2_lib1.final_cell_0197_GACGATTGAT-GCATGGGT";"endo";"h_2"
"human2_lib1.final_cell_0202_GAGACAGATA-AGGAGCTT";"fibro";"h_2"
"human2_lib1.final_cell_0216_AAGCGAAGT-TGTCTTTC";"endo";"h_2"
"human2_lib1.final_cell_0234_TTATCTGT-GGTGGGAT";"fibro";"h_2"
"human2_lib1.final_cell_0244_AACTGAGTT-GTCAATAC";"endo";"h_2"
"human2_lib1.final_cell_0266_GAGATTGCGA-CTGTTCTT";"fibro";"h_2"
"human2_lib1.final_cell_0283_TGATTCGCTGG-GATGTATT";"endo";"h_2"
"human2_lib1.final_cell_0334_ACTTCAAT-TCGGTTTA";"endo";"h_2"
"human2_lib1.final_cell_0350_ATTGTGACT-AGGTTGTG";"fibro";"h_2"
"human2_lib1.final_cell_0365_ACGGACAAC-TTCCAGAC";"endo";"h_2"
"human2_lib1.final_cell_0394_GCTCTAGT-ACCACGCT";"fibro";"h_2"
"human2_lib1.final_cell_0406_ATTTATCAC-TCTCAACC";"fibro";"h_2"
"human2_lib1.final_cell_0422_AGGCAACG-GTTACGAT";"immune";"h_2"
"human2_lib1.final_cell_0444_TGCTATTT-ACTTCAAT";"fibro";"h_2"
"human2_lib1.final_cell_0482_GATTGATCTA-ATACCCAG";"endo";"h_2"
"human2_lib1.final_cell_0485_AAGCGAAGT-GGCCTAAG";"endo";"h_2"
"human2_lib1.final_cell_0507_TGATATTGCCT-GCAGTCGA";"fibro";"h_2"
"human2_lib1.final_cell_0525_TTATAGCC-TCGGTACG";"immune";"h_2"
"human2_lib1.final_cell_0541_TCCTTATT-TCACCGAG";"endo";"h_2"
"human2_lib1.final_cell_0544_AGAGACTA-TGTTTGAG";"immune";"h_2"
"human2_lib1.final_cell_0549_GTTTGTTT-CTTTCTTT";"fibro";"h_2"
"human2_lib2.final_cell_0021_GCTTTGGC-GGAAACAG";"immune";"h_2"
"human2_lib2.final_cell_0029_TGAATACCCAG-TCACGTTT";"fibro";"h_2"
"human2_lib2.final_cell_0069_AGAAGTGCC-GGCTACTA";"fibro";"h_2"
"human2_lib2.final_cell_0085_GAAGGCAGTT-TGCGACAG";"fibro";"h_2"
"human2_lib2.final_cell_0119_TGATCCCGTAG-GGATAAAG";"fibro";"h_2"
"human2_lib2.final_cell_0120_GGAGAAGC-GCACCTCT";"immune";"h_2"
"human2_lib2.final_cell_0144_AGCAAAGCC-GGGAAGGT";"immune";"h_2"
"human2_lib2.final_cell_0145_AAGTGAAAG-GCTTTCCA";"fibro";"h_2"
"human2_lib2.final_cell_0150_TGAGAGTTCAC-GTCGTCGT";"immune";"h_2"
"human2_lib2.final_cell_0201_ATTTATCAC-CTTCTGGA";"fibro";"h_2"
"human2_lib2.final_cell_0221_AGCAGAAC-GTCCAAAG";"fibro";"h_2"
"human2_lib2.final_cell_0234_AGGTGACAC-TGCGTATC";"immune";"h_2"
"human2_lib2.final_cell_0323_ATTTGGGAG-CCCAAGCA";"fibro";"h_2"
"human2_lib2.final_cell_0331_CGCTAATA-GGTGGGAT";"fibro";"h_2"
"human2_lib2.final_cell_0347_GATTCCGAGT-CCGCTGTT";"endo";"h_2"
"human2_lib2.final_cell_0348_GAGCGGTA-ATGACCGA";"immune";"h_2"
"human2_lib2.final_cell_0353_GATGCCATCG-AGCTATGA";"endo";"h_2"
"human2_lib2.final_cell_0358_AACTCACCG-TTGGATCG";"fibro";"h_2"
"human2_lib2.final_cell_0371_TGAATGAAGCA-TAGTCGCA";"endo";"h_2"
"human2_lib2.final_cell_0375_TGATGATAACA-AGAACGGG";"fibro";"h_2"
"human2_lib2.final_cell_0382_TCATATGG-ATATACCT";"fibro";"h_2"
"human2_lib2.final_cell_0389_AGGCAACG-TGGGATTC";"endo";"h_2"
"human2_lib2.final_cell_0394_GAAAGATTGT-CGAGATGT";"immune";"h_2"
"human2_lib2.final_cell_0401_AAGCTATGA-GCAAAGCC";"fibro";"h_2"
"human2_lib2.final_cell_0429_TGATGCCC-GAGGCTGA";"fibro";"h_2"
"human2_lib2.final_cell_0430_GATCTCACTT-AGTGATGC";"immune";"h_2"
"human2_lib2.final_cell_0462_TGATTAGTCCG-AAACTGGT";"fibro";"h_2"
"human2_lib2.final_cell_0478_TGAACTAGCCA-AAACTCGA";"endo";"h_2"
"human2_lib2.final_cell_0504_TCCTTATT-GCAGTCGA";"immune";"h_2"
"human2_lib2.final_cell_0526_ATATGCAT-ATATAGGA";"immune";"h_2"
"human2_lib2.final_cell_0528_TGACTCAGAAT-GTTACCGC";"immune";"h_2"
"human2_lib2.final_cell_0540_TGAGCGCATTC-CGGACAAC";"immune";"h_2"
"human2_lib2.final_cell_0553_GATGAGGTCT-CACTTTCT";"fibro";"h_2"
"human2_lib2.final_cell_0559_TTTGTGTC-TACCGGCA";"fibro";"h_2"
"human2_lib2.final_cell_0562_GAGTTAACCA-AATGACCC";"fibro";"h_2"
"human2_lib2.final_cell_0571_GACTGTCTGG-AGGTTGTG";"fibro";"h_2"
"human2_lib2.final_cell_0582_CGAACGTA-CCCGAATG";"immune";"h_2"
"human2_lib2.final_cell_0590_CGGCTTAC-ATGACCGA";"immune";"h_2"
"human2_lib3.final_cell_0057_AAAAGCCTA-TACTTGTG";"fibro";"h_2"
"human2_lib3.final_cell_0076_AGAACGATT-AAGGTAAT";"immune";"h_2"
"human2_lib3.final_cell_0077_AATGTTGGC-AACAATCC";"immune";"h_2"
"human2_lib3.final_cell_0117_GACCTATTCA-GGTGACAC";"fibro";"h_2"
"human2_lib3.final_cell_0131_TGAAGAAGTTA-CGAACGTA";"fibro";"h_2"
"human2_lib3.final_cell_0147_AAAAGCCTA-TAAGACGG";"immune";"h_2"
"human2_lib3.final_cell_0155_AGGTTAGTG-CTCGCGTA";"fibro";"h_2"
"human2_lib3.final_cell_0183_CATCGCAG-ATATACCT";"fibro";"h_2"
"human2_lib3.final_cell_0208_ACGTGCTAG-AAATCAGA";"endo";"h_2"
"human2_lib3.final_cell_0227_GAAAGCGTAC-TCCCAATC";"fibro";"h_2"
"human2_lib3.final_cell_0230_TGACGTAGAAG-CATCTCCC";"fibro";"h_2"
"human2_lib3.final_cell_0247_GAAGGAAGAC-TTAAACTG";"fibro";"h_2"
"human2_lib3.final_cell_0265_GACGTACCTA-CGTGGATA";"fibro";"h_2"
"human2_lib3.final_cell_0271_TGACTTGGTGT-CACGGACT";"immune";"h_2"
"human2_lib3.final_cell_0273_AGAGGTGG-TTGCACGC";"fibro";"h_2"
"human2_lib3.final_cell_0279_AGGCAACG-GATCTCGG";"fibro";"h_2"
"human2_lib3.final_cell_0289_GAACTGCCGT-GGTCACAG";"fibro";"h_2"
"human2_lib3.final_cell_0292_GATTGATCTA-CGCTAGTC";"endo";"h_2"
"human2_lib3.final_cell_0305_ATCACGTTT-AGAACGGG";"endo";"h_2"
"human2_lib3.final_cell_0310_TGAGCCACATC-GCGTTGCT";"fibro";"h_2"
"human2_lib3.final_cell_0349_TGACTAGTAAC-GCTTTGGC";"endo";"h_2"
"human2_lib3.final_cell_0357_TGATCCCTGAT-GCCACATC";"fibro";"h_2"
"human2_lib3.final_cell_0386_TGAGACAACTT-CAGTCCCT";"fibro";"h_2"
"human2_lib3.final_cell_0417_TGAGTACACTC-CTACGAGC";"endo";"h_2"
"human2_lib3.final_cell_0421_CTATAGAG-GGGTGTAT";"endo";"h_2"
"human2_lib3.final_cell_0428_GATACAAACT-ACTAGGAT";"fibro";"h_2"
"human2_lib3.final_cell_0496_TGATCACCGAG-GAGCGGTA";"immune";"h_2"
"human2_lib3.final_cell_0498_TGACTTGGTGT-TAGTCTAG";"fibro";"h_2"
"human2_lib3.final_cell_0509_GACAATTAGT-GGTCCCTT";"endo";"h_2"
"human2_lib3.final_cell_0523_TGCCTCAC-CAGACCAT";"endo";"h_2"
"human2_lib3.final_cell_0525_TGACGGGTAGT-CAAGTCAT";"immune";"h_2"
"human2_lib3.final_cell_0530_GATGAGGTCT-ATGTTGGC";"immune";"h_2"
"human2_lib3.final_cell_0545_AGCAGAAC-TAACCATC";"fibro";"h_2"
"human2_lib3.final_cell_0546_GAGGTCCCTT-ACGAAACG";"immune";"h_2"
"human2_lib3.final_cell_0547_TGACTGTTCTT-TTGCACGC";"fibro";"h_2"
"human2_lib3.final_cell_0561_CATCGCAG-GCAACCTG";"fibro";"h_2"
"human2_lib3.final_cell_0562_GAGGACTTCC-CGGACAAC";"immune";"h_2"
"human3_lib1.final_cell_0071_ACTCCGCAT-ATATAGGA";"endo";"h_3"
"human3_lib1.final_cell_0088_TGAATTCGACG-AGGCAACG";"fibro";"h_3"
"human3_lib1.final_cell_0142_AACTGAGTT-TCTAGCAG";"fibro";"h_3"
"human3_lib1.final_cell_0262_GAACAGCGGA-ACTCACCG";"fibro";"h_3"
"human3_lib1.final_cell_0276_GACTAGACCC-GCTTTGGC";"fibro";"h_3"
"human3_lib1.final_cell_0320_TGACCAGCAGT-GTTCTGTT";"endo";"h_3"
"human3_lib1.final_cell_0346_TTGCATAT-GATGTATT";"fibro";"h_3"
"human3_lib1.final_cell_0392_GATTAGAC-GGACTTCC";"fibro";"h_3"
"human3_lib1.final_cell_0436_GAATGGAAAT-TGTAAAGG";"endo";"h_3"
"human3_lib1.final_cell_0470_GATCGGTTTA-CAGTTTGC";"fibro";"h_3"
"human3_lib1.final_cell_0489_TGACTCGATGC-GGACTTCC";"immune";"h_3"
"human3_lib1.final_cell_0501_CGTATTTC-TAAATAGG";"endo";"h_3"
"human3_lib1.final_cell_0520_AGGGTGTAT-TGTTCCAG";"endo";"h_3"
"human3_lib1.final_cell_0524_GACCCGAATG-ATTCAGTA";"fibro";"h_3"
"human3_lib1.final_cell_0556_GATTGGCGTT-ATGTTGGC";"immune";"h_3"
"human3_lib1.final_cell_0596_GTTCAACT-AGGTTGTG";"fibro";"h_3"
"human3_lib1.final_cell_0604_GAACCACGCT-GTTACCGC";"fibro";"h_3"
"human3_lib1.final_cell_0605_TGAGAGTTCAC-AATCGGGT";"endo";"h_3"
"human3_lib1.final_cell_0613_TGATAGAAATG-TAAATAGG";"fibro";"h_3"
"human3_lib1.final_cell_0633_ATAGTGGAC-GAGTTTCG";"endo";"h_3"
"human3_lib1.final_cell_0647_TGAAGAAGTTA-GAGAGTAT";"immune";"h_3"
"human3_lib1.final_cell_0662_GATAGTGTTT-AAGCTTCT";"endo";"h_3"
"human3_lib1.final_cell_0682_GAACAGCGGA-ACTGAGTT";"fibro";"h_3"
"human3_lib1.final_cell_0697_GATTGATCTA-GAAGGCTT";"endo";"h_3"
"human3_lib1.final_cell_0710_AATGTTGGC-TAACCCGT";"fibro";"h_3"
"human3_lib1.final_cell_0720_GAGATCTCGG-CTTTAATC";"endo";"h_3"
"human3_lib1.final_cell_0725_ACTGAGTGC-GTCCAAAG";"endo";"h_3"
"human3_lib1.final_cell_0734_CTATAGAG-TTGCATAT";"endo";"h_3"
"human3_lib1.final_cell_0739_TGACGTATCGG-CATCGCAG";"endo";"h_3"
"human3_lib1.final_cell_0740_AATGCGGAT-GTTAACCA";"endo";"h_3"
"human3_lib1.final_cell_0749_GTTCAACT-ACCCATAT";"fibro";"h_3"
"human3_lib1.final_cell_0754_TGATCGACACC-ACGGTAGC";"endo";"h_3"
"human3_lib1.final_cell_0760_AGGCCTAAG-TTAGTCCG";"endo";"h_3"
"human3_lib1.final_cell_0767_GACGAGATGT-GCCTCTTT";"fibro";"h_3"
"human3_lib1.final_cell_0774_AAGCGAAGT-AAGGTAAT";"endo";"h_3"
"human3_lib1.final_cell_0786_CTATAGAG-TGCCTCAC";"endo";"h_3"
"human3_lib1.final_cell_0787_TGCGTATC-AATCGGGT";"fibro";"h_3"
"human3_lib1.final_cell_0798_ACCGTGTTT-TCACCGAG";"endo";"h_3"
"human3_lib1.final_cell_0820_AGAAGTGCC-GTCAATAC";"fibro";"h_3"
"human3_lib1.final_cell_0823_TTATCTGT-GGGAGGTA";"endo";"h_3"
"human3_lib1.final_cell_0824_GATCGGTTTA-AGTTTAGA";"endo";"h_3"
"human3_lib1.final_cell_0831_AAGCGCCTT-GTGGAGCT";"endo";"h_3"
"human3_lib1.final_cell_0853_TGACCAGCAGT-TCGAAGCT";"endo";"h_3"
"human3_lib1.final_cell_0855_TGACTAGTAAC-TCTGTGGT";"endo";"h_3"
"human3_lib1.final_cell_0863_TGACTAGTAAC-ACGCTCAG";"endo";"h_3"
"human3_lib1.final_cell_0864_GTCTCTCT-TGCGTATC";"endo";"h_3"
"human3_lib1.final_cell_0884_GACTCTTGAC-TTGAGGGT";"endo";"h_3"
"human3_lib1.final_cell_0885_GAAAGATTGT-CCAGCAGT";"fibro";"h_3"
"human3_lib1.final_cell_0891_AGTTTACGT-TGCTATTT";"endo";"h_3"
"human3_lib1.final_cell_0896_GAACTGCCGT-GCAGGGTA";"endo";"h_3"
"human3_lib1.final_cell_0897_GTTTGTTT-CAAGAGGG";"endo";"h_3"
"human3_lib2.final_cell_0239_ACGTATAC-GTTGCACG";"fibro";"h_3"
"human3_lib2.final_cell_0271_GACTTCTTCG-GAAGTGCC";"fibro";"h_3"
"human3_lib2.final_cell_0373_ACTAGATTG-GACAACTT";"endo";"h_3"
"human3_lib2.final_cell_0429_ACGGACAAC-CTACTTGT";"endo";"h_3"
"human3_lib2.final_cell_0441_TGCGTATC-ACTGAGTT";"fibro";"h_3"
"human3_lib2.final_cell_0461_GGCCCTTA-CCTATTCA";"fibro";"h_3"
"human3_lib2.final_cell_0494_TGATGATAACA-TGGAGGAG";"fibro";"h_3"
"human3_lib2.final_cell_0530_GATGAAATGA-TAACCATC";"endo";"h_3"
"human3_lib2.final_cell_0544_ATCAGCGC-GCCACATC";"endo";"h_3"
"human3_lib2.final_cell_0558_TGACTTGGTGT-CTACTTGT";"fibro";"h_3"
"human3_lib2.final_cell_0580_CCCATCTG-GAATTCGT";"immune";"h_3"
"human3_lib2.final_cell_0593_TCCAGGGA-TCCAGTCC";"fibro";"h_3"
"human3_lib2.final_cell_0621_GATGGAGGAG-TAGTCGCA";"fibro";"h_3"
"human3_lib2.final_cell_0647_GACGAATAAT-GGGAAATC";"endo";"h_3"
"human3_lib2.final_cell_0651_CCCATCTG-ATCAGCGC";"fibro";"h_3"
"human3_lib2.final_cell_0659_GACCCGAATG-GATTGCGA";"endo";"h_3"
"human3_lib2.final_cell_0668_ATCCGCTA-ACTAGCCA";"fibro";"h_3"
"human3_lib2.final_cell_0673_ACAGGTGTC-AGTGAAAG";"immune";"h_3"
"human3_lib2.final_cell_0681_ATTTATCAC-ATGACCGA";"fibro";"h_3"
"human3_lib2.final_cell_0697_AGCACCAC-TGCGTATC";"fibro";"h_3"
"human3_lib2.final_cell_0712_TGAGAAGCACT-GAGCGGTA";"fibro";"h_3"
"human3_lib2.final_cell_0729_GTTGCACG-TGATAACA";"fibro";"h_3"
"human3_lib2.final_cell_0737_TGAAGAAGTTA-CCCGACTT";"immune";"h_3"
"human3_lib2.final_cell_0757_GTTTGTTT-CGCTAGTC";"fibro";"h_3"
"human3_lib2.final_cell_0766_GATGACGGAC-ACCCACGA";"endo";"h_3"
"human3_lib2.final_cell_0771_GCTTACCT-ATGGATTA";"fibro";"h_3"
"human3_lib2.final_cell_0778_TGACACAGTTT-CAATTAGT";"fibro";"h_3"
"human3_lib2.final_cell_0796_ACTCCGCAT-AACCTGAC";"fibro";"h_3"
"human3_lib2.final_cell_0798_GACGTCAGCA-GGCCTAAG";"immune";"h_3"
"human3_lib2.final_cell_0803_ATCTGCATC-TGTAGTTT";"endo";"h_3"
"human3_lib2.final_cell_0805_AGCCTCTTT-TGATAACA";"immune";"h_3"
"human3_lib2.final_cell_0813_CCCAAGCA-ATGCATGG";"immune";"h_3"
"human3_lib2.final_cell_0817_GAGTTGTCAT-CTTACGGG";"endo";"h_3"
"human3_lib2.final_cell_0819_ACCTTGCC-TTTATCAC";"endo";"h_3"
"human3_lib2.final_cell_0832_GAGCGGTA-CCCTAACC";"fibro";"h_3"
"human3_lib2.final_cell_0846_TGATCCCGTAG-TGTCTTTC";"endo";"h_3"
"human3_lib2.final_cell_0847_GAAGTGATGC-CAGACCAT";"fibro";"h_3"
"human3_lib2.final_cell_0856_GTGTAACC-CGGACAAC";"endo";"h_3"
"human3_lib2.final_cell_0857_GATGTGCTCA-TACCGGCA";"endo";"h_3"
"human3_lib2.final_cell_0858_TGAGTTCTGTT-AGACACCA";"endo";"h_3"
"human3_lib2.final_cell_0869_TGAAGGTTGTG-GTCCGTAC";"endo";"h_3"
"human3_lib2.final_cell_0870_AGTGGATGG-TTCCGAGT";"endo";"h_3"
"human3_lib2.final_cell_0873_GATGTTCCAG-CTGTCTGG";"fibro";"h_3"
"human3_lib3.final_cell_0134_TGGTATGA-AGCACCAC";"fibro";"h_3"
"human3_lib3.final_cell_0146_TGAATGACCGA-AGCGCGAT";"endo";"h_3"
"human3_lib3.final_cell_0154_CTTACGGG-TGCGACAG";"fibro";"h_3"
"human3_lib3.final_cell_0182_TGAATGACTTT-AGATGGCT";"fibro";"h_3"
"human3_lib3.final_cell_0213_GAGAAAGACC-ATATAGGA";"endo";"h_3"
"human3_lib3.final_cell_0292_CTATAGAG-ACGGTAGC";"endo";"h_3"
"human3_lib3.final_cell_0311_GATGACGGAC-GGCTACTA";"endo";"h_3"
"human3_lib3.final_cell_0324_GAGAATACGC-ACGAAACG";"immune";"h_3"
"human3_lib3.final_cell_0375_AGAAGTGCC-CACAGTTT";"endo";"h_3"
"human3_lib3.final_cell_0413_TAGCCTCG-ACGGTAGC";"immune";"h_3"
"human3_lib3.final_cell_0433_GAGTTAACCA-AAACTGGT";"endo";"h_3"
"human3_lib3.final_cell_0438_TGAGCAGGGTA-AGCTATGA";"endo";"h_3"
"human3_lib3.final_cell_0442_TGATCCCTGAT-CGCTCTCA";"fibro";"h_3"
"human3_lib3.final_cell_0447_AAAAGCCTA-TCGACGGT";"endo";"h_3"
"human3_lib3.final_cell_0516_GACATTTGTT-ACGGTAGC";"fibro";"h_3"
"human3_lib3.final_cell_0517_TTCGGCCT-CAACGTGG";"endo";"h_3"
"human3_lib3.final_cell_0518_TGACTCAGAAT-CGCTAATA";"fibro";"h_3"
"human3_lib3.final_cell_0530_TGACTAGTAAC-CCAGCAGT";"fibro";"h_3"
"human3_lib3.final_cell_0554_AAGATGGCT-TCTGCATC";"fibro";"h_3"
"human3_lib3.final_cell_0564_TGACTGTTCTT-AAGTAATC";"fibro";"h_3"
"human3_lib3.final_cell_0581_AAATCGGGT-CGAACGTA";"fibro";"h_3"
"human3_lib3.final_cell_0596_GATTAAACTG-ATATCTTC";"endo";"h_3"
"human3_lib3.final_cell_0608_GCAGCATG-AGCAGAAC";"fibro";"h_3"
"human3_lib3.final_cell_0639_TCCTTATT-CCTGTTAT";"endo";"h_3"
"human3_lib3.final_cell_0682_TGCTATTT-TGTGTCCT";"fibro";"h_3"
"human3_lib3.final_cell_0702_TGAGACAACTT-CCCTTGGT";"fibro";"h_3"
"human3_lib3.final_cell_0734_GATGAAATGA-CGTACCTA";"fibro";"h_3"
"human3_lib3.final_cell_0744_TGAGCCACATC-AATGAATG";"endo";"h_3"
"human3_lib3.final_cell_0753_TGATTGTCGCC-GGGAGGTA";"immune";"h_3"
"human3_lib3.final_cell_0774_AACTGAGTT-GGGAAATC";"endo";"h_3"
"human3_lib3.final_cell_0802_GACCTGACAC-ACGCAGAG";"immune";"h_3"
"human3_lib3.final_cell_0806_TGACGAGTCTG-CCCTTGGT";"fibro";"h_3"
"human3_lib3.final_cell_0807_TCATATGG-GGGCCAAT";"endo";"h_3"
"human3_lib3.final_cell_0816_TGAGCAAGGAC-TTGGATCG";"endo";"h_3"
"human3_lib3.final_cell_0819_AGTGTCGGA-ATTGGGCC";"immune";"h_3"
"human3_lib3.final_cell_0822_GACCCATAGC-CAGTCCCT";"endo";"h_3"
"human3_lib3.final_cell_0835_TGGTATGA-AGAAGTCC";"endo";"h_3"
"human3_lib3.final_cell_0841_ATCACGTTT-GAAGGCTT";"endo";"h_3"
"human3_lib3.final_cell_0855_AGGCCTAAG-ATTCCTTG";"immune";"h_3"
"human3_lib3.final_cell_0860_TCATCCTT-ACCCACGA";"endo";"h_3"
"human3_lib3.final_cell_0863_CTTCGATT-GGCTACTA";"endo";"h_3"
"human3_lib3.final_cell_0866_TGACGTAGAAG-AAGCGTAC";"immune";"h_3"
"human3_lib3.final_cell_0882_GAACACTAAG-TAAATAGG";"endo";"h_3"
"human3_lib3.final_cell_0883_TGAATACCCAG-ACATCTAT";"immune";"h_3"
"human3_lib3.final_cell_0885_GATGAAATGA-TCTCACTT";"immune";"h_3"
"human3_lib3.final_cell_0889_TGCGACAG-CTTACTCC";"endo";"h_3"
"human3_lib3.final_cell_0896_GATTTAACAG-GGAAACAG";"immune";"h_3"
"human3_lib3.final_cell_0898_GATGTTCCAG-TGCAAGGG";"endo";"h_3"
"human3_lib3.final_cell_0901_AGGCCTAAG-CTGTCTGG";"fibro";"h_3"
"human3_lib3.final_cell_0904_GACTTCTTCG-GGCTACTA";"endo";"h_3"
"human3_lib3.final_cell_0908_GAACCACGCT-GCTCTAGT";"immune";"h_3"
"human3_lib3.final_cell_0913_TGATCCCTGAT-TGGTTTCT";"endo";"h_3"
"human3_lib3.final_cell_0919_CTTCAGGT-CCGCTGTT";"endo";"h_3"
"human3_lib3.final_cell_0922_TGACGAGTCTG-GCTCTAGT";"endo";"h_3"
"human3_lib3.final_cell_0923_AGGGCCAAT-ATTCAGTA";"endo";"h_3"
"human3_lib3.final_cell_0925_GACATCTCCC-AAGTAATC";"endo";"h_3"
"human3_lib3.final_cell_0931_CTTCAGGT-GTTCTGTT";"endo";"h_3"
"human3_lib3.final_cell_0933_GACTAGACCC-TACGTGCT";"endo";"h_3"
"human3_lib4.final_cell_0237_TACCGGCA-CTACGAGC";"fibro";"h_3"
"human3_lib4.final_cell_0377_AAGCGAAGT-CTGTTCTT";"endo";"h_3"
"human3_lib4.final_cell_0393_TGCGTATC-TTTGGGAG";"endo";"h_3"
"human3_lib4.final_cell_0457_AATATACCT-ATTCGACG";"fibro";"h_3"
"human3_lib4.final_cell_0480_AATTCCCA-CCACATTA";"immune";"h_3"
"human3_lib4.final_cell_0521_GACCTACTAG-GTCATATT";"fibro";"h_3"
"human3_lib4.final_cell_0530_TCATATGG-CGAGATGT";"fibro";"h_3"
"human3_lib4.final_cell_0536_ACGTATAC-CTTCTTCG";"fibro";"h_3"
"human3_lib4.final_cell_0550_AGAGACTA-ACTGCCGT";"endo";"h_3"
"human3_lib4.final_cell_0552_GAGGGAACCT-CCTATTCA";"fibro";"h_3"
"human3_lib4.final_cell_0572_GATTAAACTG-GCAGGGTA";"endo";"h_3"
"human3_lib4.final_cell_0574_TGATTCACATA-AGTGAAAG";"immune";"h_3"
"human3_lib4.final_cell_0576_AGAAGTCC-GCAGTCGA";"fibro";"h_3"
"human3_lib4.final_cell_0603_GTAACGTT-TCCCTGAT";"endo";"h_3"
"human3_lib4.final_cell_0613_AAATCGGGT-GGGAAATC";"endo";"h_3"
"human3_lib4.final_cell_0648_GACTTACTCC-CAACAAAT";"fibro";"h_3"
"human3_lib4.final_cell_0684_AAAATCGTT-GTCCAAAG";"fibro";"h_3"
"human3_lib4.final_cell_0705_TGAGGCGGTTT-GAGTTTCG";"endo";"h_3"
"human3_lib4.final_cell_0726_TAGCCTCG-TGAAATGA";"endo";"h_3"
"human3_lib4.final_cell_0737_ACTCCGCAT-TCGGTTCG";"fibro";"h_3"
"human3_lib4.final_cell_0741_TGAGACAACTT-CAGATTAC";"fibro";"h_3"
"human3_lib4.final_cell_0753_GAATGGAAAT-GGGAACCT";"endo";"h_3"
"human3_lib4.final_cell_0795_TGAGGTCTGAC-AACCCTTG";"fibro";"h_3"
"human3_lib4.final_cell_0818_AACTCACCG-ACTAGCCA";"endo";"h_3"
"human3_lib4.final_cell_0819_GATGGAGGAG-ACCCACGA";"fibro";"h_3"
"human3_lib4.final_cell_0832_TGACGTAGAAG-ACTAGCCA";"fibro";"h_3"
"human3_lib4.final_cell_0842_GATACCAGGC-TGTGGCTA";"endo";"h_3"
"human3_lib4.final_cell_0844_TGAAGCGCGAT-CTTTAATC";"endo";"h_3"
"human3_lib4.final_cell_0847_GATGTAAAGG-CAGTTTGC";"endo";"h_3"
"human3_lib4.final_cell_0852_TGAGCAGGGTA-GGGAACCT";"fibro";"h_3"
"human3_lib4.final_cell_0853_AGCCTCTTT-GGGAGGTA";"fibro";"h_3"
"human3_lib4.final_cell_0876_TGAGATTTACC-TCTGCATC";"endo";"h_3"
"human3_lib4.final_cell_0886_ACCGCAACT-TGCGACAG";"immune";"h_3"
"human3_lib4.final_cell_0887_GATCTCAACC-GAATACGC";"endo";"h_3"
"human4_lib1.final_cell_0035_TGATCGTCATG-CAAGTCAT";"immune";"h_4"
"human4_lib1.final_cell_0071_GATGTGAG-GACAACTT";"fibro";"h_4"
"human4_lib1.final_cell_0073_CTTCGATT-CTAGACCC";"fibro";"h_4"
"human4_lib1.final_cell_0096_GTGTAACC-AGAGGTGG";"immune";"h_4"
"human4_lib1.final_cell_0145_AACCCATAT-ATATGCAT";"immune";"h_4"
"human4_lib1.final_cell_0213_GACCTGACAC-GTGGAGCT";"fibro";"h_4"
"human4_lib1.final_cell_0231_TGATGTCTTTC-TGGCTACC";"immune";"h_4"
"human4_lib1.final_cell_0235_TGACCAGT-CCATTACT";"fibro";"h_4"
"human4_lib1.final_cell_0295_TGGCTACC-CCCAAGCA";"immune";"h_4"
"human4_lib1.final_cell_0309_GTTTGTTT-TCGGTTTA";"fibro";"h_4"
"human4_lib1.final_cell_0323_ATAGTCGCA-AGAGACTA";"fibro";"h_4"
"human4_lib1.final_cell_0349_GAGAATACGC-GTGGAGCT";"immune";"h_4"
"human4_lib1.final_cell_0361_CATCGCAG-GGCCCTTA";"endo";"h_4"
"human4_lib1.final_cell_0367_GACGTCAGCA-ACGAAACG";"fibro";"h_4"
"human4_lib1.final_cell_0371_GAGGTCCCTT-CTACTTGT";"fibro";"h_4"
"human4_lib1.final_cell_0425_TGAAGGTTGTG-ATTCAGTA";"endo";"h_4"
"human4_lib1.final_cell_0447_TGACGTAGAAG-CTCCGCAT";"fibro";"h_4"
"human4_lib1.final_cell_0450_GATGAAATGA-TGCGACAG";"fibro";"h_4"
"human4_lib1.final_cell_0471_TGATCACCGAG-AGAAGTTA";"fibro";"h_4"
"human4_lib1.final_cell_0485_ACAGATTAC-GTTAACCA";"endo";"h_4"
"human4_lib1.final_cell_0493_GGATAAAG-TTGTTTAC";"fibro";"h_4"
"human4_lib1.final_cell_0495_GACATCTCCC-CGCTCTCA";"fibro";"h_4"
"human4_lib1.final_cell_0549_GATGACCCTC-CTGCGTTG";"fibro";"h_4"
"human4_lib1.final_cell_0568_GAAGTTTAGA-CAAGAGGG";"immune";"h_4"
"human4_lib1.final_cell_0572_GATGTGCTCA-GAGGCTGA";"endo";"h_4"
"human4_lib1.final_cell_0578_TAACTACT-GTCGTCGT";"fibro";"h_4"
"human4_lib1.final_cell_0579_GCTCTAGT-CACTCCTC";"immune";"h_4"
"human4_lib3.final_cell_0023_AGTGTCGGA-AAAGTCGG";"fibro";"h_4"
"human4_lib3.final_cell_0059_ACGGAATTT-GACGATGG";"fibro";"h_4"
"human4_lib3.final_cell_0064_GACCTGACAC-TGACGGAC";"immune";"h_4"
"human4_lib3.final_cell_0211_AAGCTATGA-ATATCTTC";"fibro";"h_4"
"human4_lib3.final_cell_0215_TGAGGTTTCTC-CTTACGGG";"immune";"h_4"
"human4_lib3.final_cell_0287_AAAACTCGA-TCATGAGG";"fibro";"h_4"
"human4_lib3.final_cell_0385_TGATTTACCCT-GTCAATAC";"fibro";"h_4"
"human4_lib3.final_cell_0427_TGAAAACAGGG-CGAGATGT";"endo";"h_4"
"human4_lib3.final_cell_0435_GAGTTGTCAT-AAGCTTCT";"fibro";"h_4"
"human4_lib3.final_cell_0459_TGACCTCGTCT-TTATAGCC";"fibro";"h_4"
"human4_lib3.final_cell_0469_AATATACCT-ACCTTGCC";"fibro";"h_4"
"human4_lib3.final_cell_0497_ATCGGTTCG-TGCAAGGG";"endo";"h_4"
"human4_lib3.final_cell_0574_GATGTAGTTT-TTAAACTG";"immune";"h_4"
"human4_lib3.final_cell_0604_AATGTTTG-GAAGCACT";"endo";"h_4"
"human4_lib3.final_cell_0662_ATTTGGGAG-CATACATT";"immune";"h_4"
"human4_lib3.final_cell_0697_GAGATCTCGG-GTCTCTCT";"fibro";"h_4"
